{
  "MinTopDistance_mm": 66.66666666666667,
  "MaxBottomDistance_mm": 112.17948717948718
}