{
  "MinTopDistance_mm": 1.702127659574468,
  "MaxBottomDistance_mm": 30.425531914893618
}