{
  "MinTopDistance_mm": 25.641025641025642,
  "MaxBottomDistance_mm": 117.30769230769232
}