{
  "MinTopDistance_mm": 3.3333333333333335,
  "MaxBottomDistance_mm": 31.458333333333336
}