{
  "MinTopDistance_mm": 1.702127659574468,
  "MaxBottomDistance_mm": 28.72340425531915
}