{
  "MinTopDistance_mm": 14.545454545454547,
  "MaxBottomDistance_mm": 60.72727272727273
}