{
  "MinTopDistance_mm": 35.64356435643565,
  "MaxBottomDistance_mm": 106.43564356435644
}