{
  "MinTopDistance_mm": 27.35042735042735,
  "MaxBottomDistance_mm": 91.88034188034187
}