{
  "MinTopDistance_mm": 29.411764705882355,
  "MaxBottomDistance_mm": 128.6764705882353
}